Date,EUR,AUD,BGN,BRL,CAD,CHF,CNY,CZK,DKK,GBP,HKD,HRK,ILS,INR,,
18-05-2022,1.052299274,0.702493853,0.538039384,0.202466036,0.78015291,1.003512293,0.14826896,0.042694902,0.141402715,1.242853592,0.127411258,0.139655052,0.298436194,0.012888641,,
17-05-2022,1.054073996,0.70303712,0.538967339,0.200320513,0.779848709,1.008064516,0.148676777,0.042655383,0.141653092,1.248907206,0.127393404,0.140089377,0.297876143,0.012909739,,
16-05-2022,1.042209484,0.692185229,0.53287861,0.197316496,0.773574689,0.994530085,0.147232038,0.042177186,0.140046215,1.225490196,0.127390158,0.138544452,0.293789294,0.012853817,,
15-05-2022,1.038529442,0.689274883,0.530982849,0.195190506,0.768994156,1,0.147277574,0.041976594,0.139561498,1.220107369,0.127388535,0.138098658,0.291825955,0.012911606,,
14-05-2022,1.038529442,0.689274883,0.530982849,0.195190506,0.768994156,1,0.147277574,0.041976594,0.139561498,1.220107369,0.127388535,0.138098658,0.291825955,0.012911606,,
13-05-2022,1.038529442,0.689274883,0.530982849,0.195190506,0.768994156,1,0.147277574,0.041976594,0.139561498,1.220107369,0.127388535,0.138098658,0.291825955,0.012911606,,
12-05-2022,1.040799334,0.686388908,0.532169656,0.192167262,0.767047634,1.003009027,0.147232038,0.041757315,0.139867965,1.220256254,0.127390158,0.138339374,0.289259784,0.012902427,,
11-05-2022,1.055297594,0.700967335,0.53957805,0.195936282,0.771128933,1.010203051,0.148858257,0.041604606,0.141854032,1.235788433,0.127391781,0.140024644,0.291936708,0.012949493,,
10-05-2022,1.055408971,0.696087986,0.539636285,0.194609322,0.77000077,1.00715077,0.148716576,0.042192313,0.141882209,1.233045623,0.127391781,0.14000112,0.288467086,0.01294294,,
09-05-2022,1.055854714,0.701705143,0.539869352,0.19438235,0.773215805,1.009285426,0.148958039,0.042143236,0.141950686,1.238850347,0.127390158,0.140160063,0.291375291,0.012917543,,
08-05-2022,1.056970722,0.709975151,0.5404529,0.198747888,0.779483982,1.014507457,0.149916047,0.042854265,0.142069671,1.234415504,0.127396649,0.140305586,0.293892905,0.013001551,,
07-05-2022,1.056970722,0.709975151,0.5404529,0.198747888,0.779483982,1.014507457,0.149916047,0.042854265,0.142069671,1.234415504,0.127396649,0.140305586,0.293892905,0.013001551,,
06-05-2022,1.056970722,0.709975151,0.5404529,0.198747888,0.779483982,1.014507457,0.149916047,0.042854265,0.142069671,1.234415504,0.127396649,0.140305586,0.293892905,0.013001551,,
05-05-2022,1.056747332,0.720409192,0.540336089,0.202482435,0.783821916,1.020616452,0.151091637,0.042948869,0.142033349,1.240540876,0.127404765,0.140162027,0.294238804,0.013108651,, 
04-05-2022,1.053074979,0.712504453,0.538444971,0.200972708,0.780213779,1.020095889,0.151320269,0.042732486,0.141528794,1.250781739,0.127409635,0.139485577,0.296753517,0.013097697,,
03-05-2022,1.055631796,0.71204785,0.539723661,0.198633402,0.777907429,1.027643613,0.151320269,0.042802722,0.14187617,1.254705144,0.127429118,0.139713587,0.296542317,0.013057575,,
02-05-2022,1.052410019,0.705716302,0.538097288,0.200533419,0.776096236,1.026483268,0.151320269,0.042657384,0.141468728,1.255650427,0.127438861,0.139188531,0.298320456,0.013073775,,
01-05-2022,1.053962901,0.717051484,0.538909248,0.20423168,0.785052599,1.030396703,0.151784224,0.042836826,0.141639047,1.256123603,0.127443734,0.139295166,0.301204819,0.013070768,,
30-04-2022,1.053962901,0.717051484,0.538909248,0.20423168,0.785052599,1.030396703,0.151784224,0.042836826,0.141639047,1.256123603,0.127443734,0.139295166,0.301204819,0.013070768,,
29-04-2022,1.053962901,0.717051484,0.538909248,0.20423168,0.785052599,1.030396703,0.151784224,0.042836826,0.141639047,1.256123603,0.127443734,0.139295166,0.301204819,0.013070768,,
28-04-2022,1.048547761,0.707764173,0.536106792,0.199848115,0.77675936,1.026377912,0.15112132,0.042750572,0.140886741,1.24300808,0.127450231,0.138502237,0.298748245,0.0130464,,
27-04-2022,1.058313049,0.71372493,0.541096261,0.199509207,0.779787898,1.034554107,0.152543666,0.043107908,0.142225256,1.256597135,0.127437237,0.139893401,0.300842359,0.013054063,,
26-04-2022,1.067349771,0.719838756,0.545762157,0.203351228,0.784129224,1.043514557,0.152842099,0.043704766,0.143480257,1.268713524,0.127472976,0.14114326,0.303692906,0.013060627,,
25-04-2022,1.074575543,0.71772052,0.549450549,0.206842345,0.783883358,1.046682018,0.15264612,0.044008467,0.144452309,1.27420999,0.127435613,0.142106011,0.304367676,0.013053774,,
24-04-2022,1.081665765,0.73008688,0.553066755,0.212404418,0.788767944,1.046572475,0.153798831,0.044477852,0.145386874,1.28882588,0.127469726,0.143034915,0.306532201,0.013080701,,
23-04-2022,1.081665765,0.73008688,0.553066755,0.212404418,0.788767944,1.046572475,0.153798831,0.044477852,0.145386874,1.28882588,0.127469726,0.143034915,0.306532201,0.013080701,,
22-04-2022,1.081665765,0.73008688,0.553066755,0.212404418,0.788767944,1.046572475,0.153798831,0.044477852,0.145386874,1.28882588,0.127469726,0.143034915,0.306532201,0.013080701,,
21-04-2022,1.088731628,0.742997251,0.556637907,0.216337833,0.800512328,1.053407774,0.155024339,0.044655416,0.146325046,1.303441084,0.127472976,0.143940812,0.309702995,0.013122395,,
20-04-2022,1.082954299,0.742721331,0.553740517,0.214537029,0.797575371,1.056189269,0.155942987,0.044368919,0.145554051,1.305312622,0.127502231,0.143235694,0.310241057,0.013105851,,
19-04-2022,1.080263584,0.736756797,0.552364118,0.214938205,0.792518624,1.058313049,0.15654597,0.044231152,0.145220081,1.302252898,0.127547767,0.142859184,0.308318431,0.013078084,,
18-04-2022,1.087784184,0.744435346,0.556204461,0.212354802,0.796178344,1.067577666,0.156924284,0.044545414,0.146230899,1.311991603,0.127529874,0.143913882,0.311730416,0.013135461,,
17-04-2022,1.087784184,0.744435346,0.556204461,0.212354802,0.796178344,1.067577666,0.156924284,0.044545414,0.146230899,1.311991603,0.127529874,0.143913882,0.311730416,0.013135461,,
16-04-2022,1.087784184,0.744435346,0.556204461,0.212354802,0.796178344,1.067577666,0.156924284,0.044545414,0.146230899,1.311991603,0.127529874,0.143913882,0.311730416,0.013135461,,
15-04-2022,1.087784184,0.744435346,0.556204461,0.212354802,0.796178344,1.067577666,0.156924284,0.044545414,0.146230899,1.311991603,0.127529874,0.143913882,0.311730416,0.013135461,,
14-04-2022,1.087784184,0.744435346,0.556204461,0.212354802,0.796178344,1.067577666,0.156924284,0.044545414,0.146230899,1.311991603,0.127529874,0.143913882,0.311730416,0.013135461,,
13-04-2022,1.082602577,0.741344799,0.55352596,0.214592275,0.790201501,1.070205479,0.157037642,0.044278155,0.14555617,1.299883011,0.127564037,0.143317807,0.31125498,0.013125926,,
12-04-2022,1.086130118,0.743936914,0.555308752,0.213196887,0.79138968,1.072041166,0.15695384,0.044421345,0.14602164,1.301405518,0.127607988,0.143829016,0.310559006,0.013128494,,
11-04-2022,1.090037061,0.743826242,0.557320403,0.211443312,0.793398921,1.070778456,0.157049973,0.044619153,0.146554504,1.302422506,0.127575429,0.144335551,0.311342196,0.013178807,,
10-04-2022,1.086130118,0.746380057,0.555308752,0.210552912,0.794218092,1.069518717,0.157143755,0.044368722,0.146036568,1.302931596,0.127575429,0.143872471,0.310221809,0.013182577,,
09-04-2022,1.086130118,0.746380057,0.555308752,0.210552912,0.794218092,1.069518717,0.157143755,0.044368722,0.146036568,1.302931596,0.127575429,0.143872471,0.310221809,0.013182577,,
08-04-2022,1.086130118,0.746380057,0.555308752,0.210552912,0.794218092,1.069518717,0.157143755,0.044368722,0.146036568,1.302931596,0.127575429,0.143872471,0.310221809,0.013182577,,
07-04-2022,1.091583888,0.748783227,0.558129151,0.212125069,0.796558866,1.071811361,0.157183276,0.044533313,0.146763139,1.308044474,0.127591707,0.14446483,0.309597523,0.013159574,,
06-04-2022,1.09229929,0.756887678,0.558503211,0.214192388,0.800384184,1.07227107,0.157170923,0.044691339,0.146857974,1.308557969,0.127580312,0.144732462,0.310318076,0.013186558,,
05-04-2022,1.096852035,0.763125763,0.560852496,0.217708401,0.803793907,1.081665765,0.157188217,0.045069407,0.147477399,1.313887794,0.127669897,0.145479938,0.312041689,0.013274043,,
04-04-2022,1.100473203,0.751145497,0.562682872,0.215100022,0.800448251,1.078632294,0.157156103,0.045250916,0.147946503,1.311819494,0.127629161,0.145849134,0.311652694,0.013240211,,
03-04-2022,1.105216622,0.752049334,0.565099458,0.211774672,0.800576415,1.081782778,0.157188217,0.045339753,0.148572957,1.313370108,0.127627532,0.146045099,0.312959659,0.01315954,,
02-04-2022,1.105216622,0.752049334,0.565099458,0.211774672,0.800576415,1.081782778,0.157188217,0.045339753,0.148572957,1.313370108,0.127627532,0.146045099,0.312959659,0.01315954,,
01-04-2022,1.105216622,0.752049334,0.565099458,0.211774672,0.800576415,1.081782778,0.157188217,0.045339753,0.148572957,1.313370108,0.127627532,0.146045099,0.312959659,0.01315954,,
31-03-2022,1.110124334,0.748615062,0.567601317,0.209415312,0.798849656,1.081197967,0.157678966,0.045542525,0.149249276,1.312335958,0.127718814,0.146567392,0.314980471,0.013194422,,
30-03-2022,1.112594571,0.751314801,0.568860572,0.210685994,0.800961153,1.079214332,0.157445603,0.045505015,0.149561784,1.315789474,0.127766137,0.146935657,0.314307267,0.013185584,,
29-03-2022,1.108524554,0.749232037,0.566764906,0.211407551,0.799232737,1.06974754,0.157121534,0.045311403,0.149015751,1.312680494,0.127756343,0.146211656,0.312207306,0.013201372,,
28-03-2022,1.096611471,0.751597144,0.560695262,0.210344755,0.800320128,1.069175666,0.156966158,0.044486756,0.14740566,1.311131506,0.127718814,0.144795332,0.310539718,0.013135685,,
27-03-2022,1.100231049,0.75233223,0.56252461,0.2090301,0.798339454,1.077934677,0.157156103,0.044641861,0.147867747,1.319435282,0.127756343,0.145232735,0.311225919,0.013125203,,
26-03-2022,1.100231049,0.75233223,0.56252461,0.2090301,0.798339454,1.077934677,0.157156103,0.044641861,0.147867747,1.319435282,0.127756343,0.145232735,0.311225919,0.013125203,,
25-03-2022,1.100231049,0.75233223,0.56252461,0.2090301,0.798339454,1.077934677,0.157156103,0.044641861,0.147867747,1.319435282,0.127756343,0.145232735,0.311225919,0.013125203,,
24-03-2022,1.097815347,0.748446973,0.56129322,0.206910821,0.795165394,1.073652566,0.156978478,0.044409312,0.147560094,1.318044023,0.127803694,0.144933838,0.309578354,0.013087909,,
23-03-2022,1.098538943,0.745879018,0.561671534,0.203790503,0.793713787,1.06974754,0.156921822,0.044645448,0.147686491,1.319087192,0.127810227,0.145093658,0.310250683,0.013082447,,
22-03-2022,1.102414287,0.744768005,0.563666084,0.203753133,0.794975753,1.072846261,0.157178335,0.044669579,0.148167904,1.324503311,0.127762872,0.145530751,0.310346968,0.013137186,,
21-03-2022,1.103752759,0.740960285,0.564365935,0.200617903,0.794218092,1.073998496,0.157344033,0.044719119,0.148339341,1.317523057,0.127774299,0.145749224,0.309731772,0.013111831,,
20-03-2022,1.100836636,0.736593989,0.562841222,0.19733207,0.791327055,1.067235859,0.157188217,0.044320937,0.14791149,1.311647429,0.127849444,0.145443968,0.307824909,0.013138774,,
19-03-2022,1.100836636,0.736593989,0.562841222,0.19733207,0.791327055,1.067235859,0.157188217,0.044320937,0.14791149,1.311647429,0.127849444,0.145443968,0.307824909,0.013138774,,
18-03-2022,1.100836636,0.736593989,0.562841222,0.19733207,0.791327055,1.067235859,0.157188217,0.044320937,0.14791149,1.311647429,0.127849444,0.145443968,0.307824909,0.013138774,,
17-03-2022,1.105094486,0.734052705,0.565035597,0.196151507,0.789452909,1.064169416,0.157475355,0.044601839,0.148456057,1.31061599,0.127918132,0.145925753,0.30888985,0.01318051,,
16-03-2022,1.099384345,0.724952878,0.562113547,0.194503336,0.787153652,1.063716626,0.157467916,0.044533511,0.147745405,1.309071868,0.127842907,0.145184239,0.306475834,0.013122378,,
15-03-2022,1.099142669,0.721500722,0.561955606,0.194927974,0.779544746,1.064849324,0.156752097,0.04419909,0.147708306,1.307702367,0.127764504,0.145095763,0.304562344,0.013091456,,
14-03-2022,1.096010522,0.724060531,0.560381059,0.198243562,0.784067743,1.069404342,0.157158573,0.044033659,0.147301438,1.306165099,0.127717183,0.14469686,0.305632813,0.013058342,,
13-03-2022,1.099021871,0.731850117,0.561924028,0.199537074,0.783637646,1.07434465,0.157828283,0.043588559,0.147710487,1.308729224,0.12778083,0.145152628,0.307986079,0.013085289,,
12-03-2022,1.099021871,0.731850117,0.561924028,0.199537074,0.783637646,1.07434465,0.157828283,0.043588559,0.147710487,1.308729224,0.12778083,0.145152628,0.307986079,0.013085289,,
11-03-2022,1.099021871,0.731850117,0.561924028,0.199537074,0.783637646,1.07434465,0.157828283,0.043588559,0.147710487,1.308729224,0.12778083,0.145152628,0.307986079,0.013085289,,
10-03-2022,1.108401685,0.733621891,0.566732785,0.198078637,0.78118897,1.079214332,0.158200313,0.043782645,0.148975791,1.316829076,0.127860887,0.146487951,0.306025645,0.013100563,,
09-03-2022,1.099263493,0.733299113,0.562081952,0.199143682,0.779180302,1.077934677,0.158277936,0.043340889,0.147675586,1.315443304,0.127864157,0.145361514,0.305548766,0.013055427,,
08-03-2022,1.089205969,0.727537286,0.556916908,0.196800031,0.779241019,1.077237962,0.158302992,0.042477275,0.146316483,1.309414692,0.127865792,0.143855914,0.302370585,0.012978417,,
07-03-2022,1.089443294,0.738606987,0.557072029,0.197855249,0.785854617,1.082016879,0.158252888,0.042585266,0.146425748,1.318565401,0.127944319,0.144112985,0.305586114,0.012999253,,
06-03-2022,1.092896175,0.734861846,0.558784086,0.197585505,0.784190715,1.086838387,0.158242871,0.042464107,0.146907595,1.326611833,0.127957416,0.144594341,0.306965037,0.013098761,,
05-03-2022,1.092896175,0.734861846,0.558784086,0.197585505,0.784190715,1.086838387,0.158242871,0.042464107,0.146907595,1.326611833,0.127957416,0.144594341,0.306965037,0.013098761,,
04-03-2022,1.092896175,0.734861846,0.558784086,0.197585505,0.784190715,1.086838387,0.158242871,0.042464107,0.146907595,1.326611833,0.127957416,0.144594341,0.306965037,0.013098761,,
03-03-2022,1.107542363,0.731635938,0.566315551,0.197640176,0.791577614,1.086720278,0.158237863,0.043208303,0.14887377,1.338150676,0.127977067,0.146314342,0.308765863,0.013158466,,
02-03-2022,1.110617503,0.727219839,0.567859171,0.193779673,0.788332676,1.087074682,0.15831051,0.042936698,0.149300527,1.332977873,0.127972153,0.146634016,0.308899391,0.013193709,,
01-03-2022,1.116196004,0.726480203,0.570711106,0.193790938,0.788394828,1.089324619,0.158410823,0.043832734,0.150073536,1.340123291,0.127954141,0.147507855,0.30875633,0.013209237,,
28-02-2022,1.119946243,0.722125939,0.572606505,0.193659585,0.785114234,1.083541012,0.15846856,0.044801462,0.150516271,1.340482574,0.127968878,0.148027533,0.308508669,0.013244788,,
27-02-2022,1.121579183,0.721709007,0.573460259,0.195469028,0.782962731,1.078632294,0.158355635,0.045482662,0.150715901,1.339405304,0.12806885,0.148486918,0.3082234,0.013297448,,
26-02-2022,1.121579183,0.721709007,0.573460259,0.195469028,0.782962731,1.078632294,0.158355635,0.045482662,0.150715901,1.339405304,0.12806885,0.148486918,0.3082234,0.013297448,,
25-02-2022,1.121579183,0.721709007,0.573460259,0.195469028,0.782962731,1.078632294,0.158355635,0.045482662,0.150715901,1.339405304,0.12806885,0.148486918,0.3082234,0.013297448,,
24-02-2022,1.116320607,0.715922108,0.570776256,0.196274706,0.779727096,1.081665765,0.158112766,0.044491902,0.150030756,1.3374348,0.128049171,0.14781529,0.304850166,0.013242613,,
23-02-2022,1.134429949,0.727537286,0.58001276,0.199688486,0.788084167,1.08754758,0.158282947,0.046353165,0.152497141,1.359249694,0.128139416,0.150527599,0.310665134,0.013406839,,
22-02-2022,1.134172621,0.720616848,0.579911853,0.196645232,0.785422557,1.088257699,0.15803031,0.046301441,0.152462266,1.355380862,0.128165693,0.15048456,0.310029453,0.013381632,,
21-02-2022,1.133786848,0.719838756,0.579710145,0.195331575,0.784436774,1.091583888,0.15784323,0.04657228,0.152399531,1.361099769,0.128195267,0.1504506,0.311196863,0.013389713,,
20-02-2022,1.135460429,0.720720721,0.580517822,0.194303035,0.787153652,1.086248099,0.158045296,0.046653324,0.15264379,1.360914535,0.128198554,0.150672754,0.312989045,0.013412485,,
19-02-2022,1.135460429,0.720720721,0.580517822,0.194303035,0.787153652,1.086248099,0.158045296,0.046653324,0.15264379,1.360914535,0.128198554,0.150672754,0.312989045,0.013412485,,
18-02-2022,1.135460429,0.720720721,0.580517822,0.194303035,0.787153652,1.086248099,0.158045296,0.046653324,0.15264379,1.360914535,0.128198554,0.150672754,0.312989045,0.013412485,,
17-02-2022,1.137009665,0.720253529,0.581361549,0.194374793,0.78746358,1.086366105,0.157785948,0.046630916,0.152825748,1.361841209,0.12819691,0.150936561,0.313823945,0.013330436,,
16-02-2022,1.137138958,0.717051484,0.581462961,0.193517175,0.788830165,1.081431816,0.157723731,0.046673574,0.152828084,1.354829969,0.128190337,0.151032306,0.313656609,0.013317956,,
15-02-2022,1.134558657,0.714081691,0.580080051,0.192363182,0.786039931,1.082251082,0.15763671,0.046459766,0.152441348,1.354462955,0.128152553,0.150684106,0.31001023,0.01327785,,
14-02-2022,1.131605749,0.711591831,0.578603252,0.191909112,0.784129224,1.080613789,0.157304431,0.046136953,0.152075064,1.35171668,0.128178835,0.150292319,0.307210224,0.013239509,,
13-02-2022,1.141682841,0.716845878,0.583737085,0.192648532,0.78746358,1.081431816,0.157336606,0.046781437,0.153454255,1.359804188,0.128203485,0.151595543,0.308918476,0.013298226,,
12-02-2022,1.141682841,0.716845878,0.583737085,0.192648532,0.78746358,1.081431816,0.157336606,0.046781437,0.153454255,1.359804188,0.128203485,0.151595543,0.308918476,0.013298226,,
11-02-2022,1.141682841,0.716845878,0.583737085,0.192648532,0.78746358,1.081431816,0.157336606,0.046781437,0.153454255,1.359804188,0.128203485,0.151595543,0.308918476,0.013298226,,
10-02-2022,1.143902997,0.719683339,0.584863727,0.191710441,0.789016885,1.082133968,0.157297008,0.04697747,0.153742082,1.357773252,0.128323581,0.151961827,0.310877607,0.013310865,,
09-02-2022,1.143510577,0.717669011,0.584658559,0.189955171,0.787835815,1.083423619,0.157163513,0.047080758,0.15361927,1.357220413,0.128330168,0.151890274,0.310587943,0.013362321,,
08-02-2022,1.140771161,0.711895778,0.583294447,0.189472886,0.78647267,1.081782778,0.157057373,0.04702585,0.153256705,1.352265044,0.128290655,0.151671419,0.310395133,0.013381113,,
07-02-2022,1.144688645,0.711136396,0.585274494,0.189078808,0.786967813,1.082837033,0.157222816,0.047258756,0.153768087,1.35171668,0.128326874,0.152220903,0.313214521,0.013382904,,
06-02-2022,1.146394589,0.709169562,0.586166471,0.188458784,0.786101722,1.08483402,0.157207986,0.047060817,0.154019129,1.355197181,0.128396076,0.152295087,0.312022216,0.013385573,,
05-02-2022,1.146394589,0.709169562,0.586166471,0.188458784,0.786101722,1.08483402,0.157207986,0.047060817,0.154019129,1.355197181,0.128396076,0.152295087,0.312022216,0.013385573,,
04-02-2022,1.146394589,0.709169562,0.586166471,0.188458784,0.786101722,1.08483402,0.157207986,0.047060817,0.154019129,1.355197181,0.128396076,0.152295087,0.312022216,0.013385573,,
03-02-2022,1.128540797,0.712098554,0.577067344,0.188593844,0.78733958,1.084481076,0.157198101,0.046761968,0.151717441,1.356300014,0.128298885,0.149891329,0.313942172,0.013353363,,
02-02-2022,1.132246377,0.715358752,0.578938227,0.189738919,0.790139064,1.088850174,0.157207986,0.046600494,0.152225537,1.357773252,0.128313701,0.150452863,0.316485742,0.013382098,,
01-02-2022,1.125999324,0.709622481,0.575738384,0.189014479,0.78746358,1.085422772,0.157207986,0.046270805,0.151329429,1.348617667,0.12827749,0.149584156,0.315756236,0.0133734,,
31-01-2022,1.115573405,0.705168888,0.570418116,0.185839063,0.783821916,1.07227107,0.157207986,0.045773923,0.149907058,1.341561578,0.12823801,0.148167904,0.313018437,0.013382026,,
30-01-2022,1.113833816,0.697398703,0.569476082,0.185178327,0.782227785,1.073191672,0.157190688,0.045567221,0.149640116,1.339046599,0.128303823,0.147935559,0.31201248,0.013322728,,
29-01-2022,1.113833816,0.697398703,0.569476082,0.185178327,0.782227785,1.073191672,0.157190688,0.045567221,0.149640116,1.339046599,0.128303823,0.147935559,0.31201248,0.013322728,,
28-01-2022,1.113833816,0.697398703,0.569476082,0.185178327,0.782227785,1.073191672,0.157190688,0.045567221,0.149640116,1.339046599,0.128303823,0.147935559,0.31201248,0.013322728,,
27-01-2022,1.115946881,0.707613926,0.570613409,0.185508107,0.788084167,1.073998496,0.157047507,0.045687135,0.149943022,1.338688086,0.128348286,0.148152538,0.312646553,0.013319126,,
26-01-2022,1.127649977,0.717051484,0.576601511,0.184614249,0.795671547,1.08577633,0.158177792,0.045970459,0.151531223,1.351168761,0.128452152,0.149781319,0.31470292,0.013356824,,
25-01-2022,1.126760563,0.712555223,0.576136429,0.181596964,0.790888959,1.087192868,0.157980379,0.045991813,0.151375244,1.346076188,0.128447202,0.149651312,0.3138929,0.013370199,,
24-01-2022,1.130454443,0.712453691,0.577967865,0.182615047,0.792204706,1.096611471,0.158025316,0.046086135,0.15187182,1.348799568,0.128450502,0.150138878,0.315347987,0.013401377,,
23-01-2022,1.13481616,0.71942446,0.580214679,0.182845441,0.798530704,1.096130659,0.157728707,0.046609399,0.152462266,1.356852103,0.128414213,0.150743164,0.318157233,0.013442468,,
22-01-2022,1.13481616,0.71942446,0.580214679,0.182845441,0.798530704,1.096130659,0.157728707,0.046609399,0.152462266,1.356852103,0.128414213,0.150743164,0.318157233,0.013442468,,
21-01-2022,1.13481616,0.71942446,0.580214679,0.182845441,0.798530704,1.096130659,0.157728707,0.046609399,0.152462266,1.356852103,0.128414213,0.150743164,0.318157233,0.013442468,,
20-01-2022,1.133786848,0.723903287,0.579710145,0.183996026,0.800832866,1.092060719,0.157611865,0.046729627,0.15234381,1.361655773,0.128440603,0.150670484,0.318806389,0.013439704,,
19-01-2022,1.134558657,0.722178089,0.580080051,0.181064296,0.80211759,1.092657343,0.157562198,0.046662249,0.15244832,1.364070386,0.128348286,0.150788625,0.319315388,0.013439794,,
18-01-2022,1.136751165,0.717926628,0.581192607,0.181011856,0.798913478,1.091464746,0.157410905,0.04653652,0.15273005,1.358511072,0.128330168,0.151107619,0.319682875,0.013402418,,
17-01-2022,1.140250855,0.721188519,0.583022388,0.181554103,0.798148296,1.093374153,0.157495196,0.046605706,0.153230873,1.364442625,0.128348286,0.151485313,0.321398727,0.013458117,,
16-01-2022,1.144688645,0.724375226,0.585274494,0.180661945,0.798785846,1.097574361,0.157393563,0.046735742,0.153829588,1.370801919,0.128445552,0.152211635,0.321864238,0.013475854,,
15-01-2022,1.144688645,0.724375226,0.585274494,0.180661945,0.798785846,1.097574361,0.157393563,0.046735742,0.153829588,1.370801919,0.128445552,0.152211635,0.321864238,0.013475854,,
14-01-2022,1.144688645,0.724375226,0.585274494,0.180661945,0.798785846,1.097574361,0.157393563,0.046735742,0.153829588,1.370801919,0.128445552,0.152211635,0.321864238,0.013475854,,
13-01-2022,1.146263182,0.729713952,0.586097761,0.180469582,0.801410482,1.096611471,0.157215401,0.046868043,0.15405472,1.372118551,0.128381241,0.15242973,0.321646832,0.013530939,,
12-01-2022,1.137009665,0.721344586,0.581361549,0.179172938,0.797257434,1.084245907,0.157089447,0.046554501,0.152793057,1.36425648,0.128285718,0.151116753,0.321130379,0.013531122,,
11-01-2022,1.133658315,0.717308658,0.579609343,0.177430802,0.791139241,1.079447323,0.156889816,0.04643625,0.152357736,1.357957632,0.128257747,0.150672754,0.319417383,0.013535829,,
10-01-2022,1.131861913,0.71751453,0.578703704,0.176928521,0.789951813,1.083423619,0.156914435,0.046467106,0.152162997,1.357036233,0.128274199,0.150348809,0.320595024,0.013505957,,
09-01-2022,1.12981584,0.714898484,0.577667379,0.175589542,0.78597815,1.08401084,0.156786504,0.046229307,0.151894889,1.354279523,0.12819198,0.150211047,0.321564088,0.013453518,,
08-01-2022,1.12981584,0.714898484,0.577667379,0.175589542,0.78597815,1.08401084,0.156786504,0.046229307,0.151894889,1.354279523,0.12819198,0.150211047,0.321564088,0.013453518,,
07-01-2022,1.12981584,0.714898484,0.577667379,0.175589542,0.78597815,1.08401084,0.156786504,0.046229307,0.151894889,1.354279523,0.12819198,0.150211047,0.321564088,0.013453518,,
06-01-2022,1.13147771,0.717154332,0.578536303,0.175645056,0.782962731,1.088494612,0.156744726,0.046130994,0.152098195,1.353546291,0.128183764,0.150470974,0.321016982,0.013430661,,
05-01-2022,1.131861913,0.725584095,0.578737195,0.176457094,0.786101722,1.092179991,0.157017916,0.046047724,0.152169943,1.354829969,0.128293947,0.150538929,0.323498965,0.01344923,,
04-01-2022,1.127904354,0.719217491,0.576701269,0.175756191,0.784252216,1.089205969,0.156818467,0.045580929,0.151643819,1.348799568,0.128289009,0.150017252,0.323101777,0.013394609,,
03-01-2022,1.135460429,0.723641363,0.58058523,0.178708651,0.78746358,1.094810598,0.15732918,0.04575298,0.152657772,1.349527665,0.128246233,0.15101634,0.32314354,0.013454604,,
02-01-2022,1.132631102,0.725320955,0.579105861,0.179491322,0.786905886,1.096371012,0.157420817,0.045562861,0.152304365,1.347890551,0.128219923,0.150700002,0.322133814,0.013446644,,
01-01-2022,1.132631102,0.725320955,0.579105861,0.179491322,0.786905886,1.096371012,0.157420817,0.045562861,0.152304365,1.347890551,0.128219923,0.150700002,0.322133814,0.013446644,,
31-12-2021,1.132631102,0.725320955,0.579105861,0.179491322,0.786905886,1.096371012,0.157420817,0.045562861,0.152304365,1.347890551,0.128219923,0.150700002,0.322133814,0.013446644,,
30-12-2021,1.133401337,0.726797006,0.579508577,0.177831522,0.782656336,1.09373291,0.156914435,0.045487007,0.152411144,1.350438893,0.128213347,0.15069546,0.321947136,0.013451618,,
29-12-2021,1.130326664,0.722804481,0.577934462,0.177097723,0.780274657,1.088968747,0.156998195,0.045288009,0.151994163,1.343724805,0.128257747,0.150305872,0.321295463,0.013394089,,
28-12-2021,1.133144476,0.726216412,0.57934071,0.177100859,0.782166601,1.091464746,0.157027778,0.04536032,0.152376309,1.344989913,0.128208416,0.150727259,0.32168822,0.013388315,,
27-12-2021,1.131221719,0.721188519,0.578368999,0.176317089,0.778573653,1.088139282,0.156921822,0.044997818,0.152121332,1.341381623,0.128187051,0.150777257,0.318958918,0.013337975,,
26-12-2021,1.131733816,0.72337963,0.578636732,0.176199034,0.780396441,1.08802089,0.157040108,0.045242727,0.152193103,1.341021859,0.128231432,0.150677294,0.316696225,0.01333216,,
25-12-2021,1.131733816,0.72337963,0.578636732,0.176199034,0.780396441,1.08802089,0.157040108,0.045242727,0.152193103,1.341021859,0.128231432,0.150677294,0.316696225,0.01333216,,
24-12-2021,1.131733816,0.72337963,0.578636732,0.176199034,0.780396441,1.08802089,0.157040108,0.045242727,0.152193103,1.341021859,0.128231432,0.150677294,0.316696225,0.01333216,,
23-12-2021,1.130965845,0.723170379,0.578268664,0.176678445,0.779483982,1.086130118,0.156961231,0.045081394,0.152093568,1.342822613,0.128210059,0.15046871,0.317138145,0.013293753,,
22-12-2021,1.130071194,0.717154332,0.577834277,0.1748955,0.774653343,1.083306251,0.156961231,0.044774181,0.151973374,1.331026221,0.128195267,0.15026296,0.315895881,0.013231941,,
21-12-2021,1.129560601,0.71306332,0.577500578,0.174916914,0.773694391,1.084245907,0.156951376,0.044750338,0.151892582,1.324503311,0.128190337,0.150170443,0.315766207,0.013231451,,
20-12-2021,1.127268628,0.710984714,0.576402098,0.175540225,0.773754256,1.083071591,0.156825845,0.04467377,0.151593245,1.32310135,0.128185407,0.150006,0.316585937,0.013184402,,
19-12-2021,1.133016089,0.716383695,0.579307149,0.17525719,0.77990953,1.088494612,0.156850443,0.044862362,0.152357736,1.329610424,0.128185407,0.150618288,0.319203269,0.013164616,,
18-12-2021,1.133016089,0.716383695,0.579307149,0.17525719,0.77990953,1.088494612,0.156850443,0.044862362,0.152357736,1.329610424,0.128185407,0.150618288,0.319203269,0.013164616,,
17-12-2021,1.133016089,0.716383695,0.579307149,0.17525719,0.77990953,1.088494612,0.156850443,0.044862362,0.152357736,1.329610424,0.128185407,0.150618288,0.319203269,0.013164616,,
16-12-2021,1.133658315,0.721396624,0.579609343,0.176084239,0.782656336,1.08401084,0.157045041,0.044838224,0.152443672,1.336183859,0.128188694,0.150802268,0.321605454,0.013120295,,
15-12-2021,1.126252956,0.714438808,0.575837844,0.174999563,0.77688005,1.081197967,0.157091914,0.044564869,0.151448606,1.325205407,0.128180478,0.149745433,0.318582943,0.013090102,,
14-12-2021,1.130837951,0.712758375,0.578235226,0.177471738,0.780457348,1.086956522,0.157165983,0.044639669,0.15207969,1.325029813,0.128180478,0.150360112,0.320893367,0.013168534,,
13-12-2021,1.127777151,0.714030703,0.57663476,0.178479002,0.783821916,1.082602577,0.157126471,0.044399847,0.151664518,1.324327904,0.128206772,0.149954264,0.321864238,0.01320261,,
12-12-2021,1.127268628,0.715051841,0.576402098,0.179156888,0.786101722,1.081431816,0.156976014,0.044443062,0.151595543,1.320655045,0.128221567,0.149808245,0.322726393,0.013214089,,
11-12-2021,1.127268628,0.715051841,0.576402098,0.179156888,0.786101722,1.081431816,0.156976014,0.044443062,0.151595543,1.320655045,0.128221567,0.149808245,0.322726393,0.013214089,,
10-12-2021,1.127268628,0.715051841,0.576402098,0.179156888,0.786101722,1.081431816,0.156976014,0.044443062,0.151595543,1.320655045,0.128221567,0.149808245,0.322726393,0.013214089,,
09-12-2021,1.131093768,0.714081691,0.57833555,0.180345903,0.787525595,1.082837033,0.156847983,0.044471918,0.152107449,1.319261214,0.128262682,0.150202022,0.321978234,0.013228073,,
08-12-2021,1.129943503,0.713266762,0.577734127,0.178358036,0.791201836,1.083071591,0.157529931,0.044353372,0.151945664,1.319957761,0.128269263,0.150152405,0.3212129,0.013256376,,
07-12-2021,1.12561909,0.710782572,0.575506446,0.177743019,0.789452909,1.080847384,0.157049973,0.044201826,0.151366079,1.325205407,0.128269263,0.149671471,0.317118031,0.013261386,,
06-12-2021,1.128668172,0.703927918,0.577100646,0.175920062,0.781799703,1.083658431,0.156793879,0.044400242,0.151784224,1.325908247,0.128183764,0.149963259,0.315935802,0.01326026,,
05-12-2021,1.129050469,0.705716302,0.577300543,0.177289247,0.780274657,1.087074682,0.156961231,0.044426476,0.15183723,1.327668614,0.128298885,0.1500015,0.316676167,0.013307712,,
04-12-2021,1.129050469,0.705716302,0.577300543,0.177289247,0.780274657,1.087074682,0.156961231,0.044426476,0.15183723,1.327668614,0.128298885,0.1500015,0.316676167,0.013307712,,
03-12-2021,1.129050469,0.705716302,0.577300543,0.177289247,0.780274657,1.087074682,0.156961231,0.044426476,0.15183723,1.327668614,0.128298885,0.1500015,0.316676167,0.013307712,,
02-12-2021,1.13391541,0.709773582,0.579777365,0.177352133,0.78057919,1.088850174,0.156838143,0.044606614,0.152483189,1.331912627,0.12830547,0.15069546,0.315816069,0.01333184,,
01-12-2021,1.1313497,0.713877784,0.57846937,0.178180069,0.783883358,1.085069444,0.156998195,0.044467963,0.152146791,1.331026221,0.128343344,0.150482296,0.317601474,0.013350083,,
30-11-2021,1.136363636,0.714745193,0.580990007,0.178208647,0.782656336,1.089443294,0.156958767,0.044515471,0.152793057,1.334044824,0.128249522,0.150872799,0.316636059,0.013316945,,
29-11-2021,1.127649977,0.714489854,0.576535025,0.178463076,0.785114234,1.080030241,0.15660726,0.043924959,0.151625425,1.333155579,0.128208416,0.14976786,0.316585937,0.013318612,,
28-11-2021,1.129050469,0.71484738,0.577300543,0.178412132,0.784252216,1.080847384,0.156494523,0.043998979,0.15183262,1.334400854,0.128241299,0.150089303,0.314841635,0.013355878,,
27-11-2021,1.129050469,0.71484738,0.577300543,0.178412132,0.784252216,1.080847384,0.156494523,0.043998979,0.15183262,1.334400854,0.128241299,0.150089303,0.314841635,0.013355878,,
26-11-2021,1.129050469,0.71484738,0.577300543,0.178412132,0.784252216,1.080847384,0.156494523,0.043998979,0.15183262,1.334400854,0.128241299,0.150089303,0.314841635,0.013355878,,
25-11-2021,1.122334456,0.71818443,0.57382223,0.179156888,0.789079145,1.070893125,0.156580287,0.044054998,0.150922893,1.331380642,0.128242943,0.149191383,0.316405632,0.013423449,,
24-11-2021,1.120573734,0.720668781,0.572967398,0.178708651,0.787649653,1.068832835,0.156509218,0.043943296,0.150684106,1.335113485,0.128256102,0.149035739,0.318684471,0.013430174,,
23-11-2021,1.125872551,0.722595563,0.575672097,0.177872643,0.786039931,1.07307651,0.156499421,0.044248375,0.151405039,1.3374348,0.128316994,0.149640116,0.321553748,0.013429236,,
22-11-2021,1.127777151,0.72611095,0.57663476,0.178894077,0.791076655,1.078865034,0.156693148,0.044448791,0.151650718,1.343905389,0.128341697,0.15000375,0.323687447,0.013449881,,
21-11-2021,1.127141569,0.72337963,0.576302444,0.179817306,0.790701352,1.077354019,0.156482278,0.044351405,0.151561079,1.343002955,0.128325227,0.14996101,0.323070462,0.013467469,,
20-11-2021,1.127141569,0.72337963,0.576302444,0.179817306,0.790701352,1.077354019,0.156482278,0.044351405,0.151561079,1.343002955,0.128325227,0.14996101,0.323070462,0.013467469,,
19-11-2021,1.127141569,0.72337963,0.576302444,0.179817306,0.790701352,1.077354019,0.156482278,0.044351405,0.151561079,1.343002955,0.128325227,0.14996101,0.323070462,0.013467469,,
18-11-2021,1.134558657,0.728173014,0.580080051,0.180541263,0.793650794,1.079330815,0.156658782,0.044966253,0.152564611,1.347890551,0.128386186,0.151025463,0.324685866,0.013470989,,
17-11-2021,1.131605749,0.729075532,0.578603252,0.182435144,0.796558866,1.074691026,0.156796337,0.044869206,0.152167628,1.345713901,0.128386186,0.150647785,0.326509289,0.013466617,,
16-11-2021,1.136751165,0.733891091,0.581260172,0.183833667,0.797893561,1.079796998,0.156526367,0.045062908,0.152863126,1.344809037,0.128387834,0.151372953,0.323436186,0.013446825,,
15-11-2021,1.144426642,0.736539736,0.585137507,0.183227367,0.798403194,1.086484137,0.156693148,0.04538214,0.153869826,1.343724805,0.128359818,0.152327565,0.322362271,0.013440914,,
14-11-2021,1.144819691,0.729660708,0.585343011,0.1849386,0.794091956,1.083306251,0.15672016,0.045360114,0.153933778,1.338867318,0.128331815,0.152390241,0.321574428,0.013437718,,
13-11-2021,1.144819691,0.729660708,0.585343011,0.1849386,0.794091956,1.083306251,0.15672016,0.045360114,0.153933778,1.338867318,0.128331815,0.152390241,0.321574428,0.013437718,,
12-11-2021,1.144819691,0.729660708,0.585343011,0.1849386,0.794091956,1.083306251,0.15672016,0.045360114,0.153933778,1.338867318,0.128331815,0.152390241,0.321574428,0.013437718,,
11-11-2021,1.146000458,0.729980291,0.585960389,0.183705337,0.794786203,1.085069444,0.156359941,0.045379051,0.154090328,1.339764202,0.128333462,0.152559956,0.320523094,0.013433512,,
10-11-2021,1.155802127,0.736322804,0.590946697,0.183563706,0.804246421,1.095050372,0.156472484,0.045848635,0.155400155,1.35098622,0.128373001,0.153768087,0.321605454,0.013457936,,
09-11-2021,1.157675388,0.740137666,0.591926128,0.181323663,0.804117079,1.09301563,0.156470036,0.045945958,0.155654137,1.355932203,0.128368057,0.153969329,0.322227235,0.013494421,,
08-11-2021,1.157943492,0.741234897,0.592031259,0.17905103,0.803470995,1.093254619,0.156372166,0.045853891,0.155666252,1.354646437,0.128405968,0.154000154,0.323060025,0.013493219,,
07-11-2021,1.151941021,0.738661545,0.588962836,0.179443009,0.803212851,1.090869423,0.156176792,0.045574697,0.15487548,1.346619984,0.128460402,0.153141702,0.321089134,0.013465982,,
06-11-2021,1.151941021,0.738661545,0.588962836,0.179443009,0.803212851,1.090869423,0.156176792,0.045574697,0.15487548,1.346619984,0.128460402,0.153141702,0.321089134,0.013465982,,
05-11-2021,1.151941021,0.738661545,0.588962836,0.179443009,0.803212851,1.090869423,0.156176792,0.045574697,0.15487548,1.346619984,0.128460402,0.153141702,0.321089134,0.013465982,,
04-11-2021,1.156871819,0.741509714,0.591505974,0.178443969,0.805347507,1.096130659,0.156374611,0.045423781,0.155545186,1.355564593,0.128460402,0.153760994,0.320893367,0.013437411,,
03-11-2021,1.157809425,0.74343915,0.591996211,0.176323306,0.804828974,1.095530237,0.15628663,0.045322081,0.155658982,1.365001365,0.128481858,0.153974071,0.319030148,0.013426027,,
02-11-2021,1.160362033,0.746435769,0.59326056,0.176050139,0.806386582,1.095290252,0.156291515,0.045373904,0.15595758,1.365747064,0.128498368,0.154076083,0.319642001,0.013397768,,
01-11-2021,1.157809425,0.751823171,0.591996211,0.176962962,0.808211428,1.096250822,0.1562964,0.045166506,0.15562749,1.368925394,0.128490113,0.153853255,0.318430773,0.013349852,,
31-10-2021,1.164551066,0.753465943,0.595415302,0.177251538,0.80965104,1.097453907,0.156333052,0.045316536,0.156541069,1.378359752,0.128584287,0.154710151,0.317561131,0.013356966,,
30-10-2021,1.164551066,0.753465943,0.595415302,0.177251538,0.80965104,1.097453907,0.156333052,0.045316536,0.156541069,1.378359752,0.128584287,0.154710151,0.317561131,0.013356966,,
29-10-2021,1.164551066,0.753465943,0.595415302,0.177251538,0.80965104,1.097453907,0.156333052,0.045316536,0.156541069,1.378359752,0.128584287,0.154710151,0.317561131,0.013356966,,
28-10-2021,1.15928588,0.752275634,0.592733092,0.17891008,0.80925791,1.087902524,0.156306173,0.045093185,0.155838489,1.374003847,0.128572714,0.154254335,0.314524753,0.013355503,,
27-10-2021,1.161710037,0.751540658,0.593965312,0.180079595,0.805931657,1.088731628,0.156435767,0.045230449,0.156154843,1.374381528,0.128559491,0.154595347,0.313450146,0.013322089,,
26-10-2021,1.16184501,0.751258358,0.59403588,0.179788209,0.808996036,1.087429317,0.156737355,0.045206322,0.156171914,1.38026225,0.128610747,0.15444254,0.3125,0.013341445,,
25-10-2021,1.160362033,0.748334955,0.59326056,0.177402473,0.808734331,1.087902524,0.156496972,0.045088305,0.15595758,1.375137514,0.128648802,0.154144958,0.31184707,0.013303746,,
24-10-2021,1.163061177,0.74985003,0.59463638,0.175404746,0.810964236,1.090155892,0.156450452,0.045332354,0.156306173,1.378359752,0.128633908,0.154521293,0.311759571,0.013356449,,
23-10-2021,1.163061177,0.74985003,0.59463638,0.175404746,0.810964236,1.090155892,0.156450452,0.045332354,0.156306173,1.378359752,0.128633908,0.154521293,0.311759571,0.013356449,,
22-10-2021,1.163061177,0.74985003,0.59463638,0.175404746,0.810964236,1.090155892,0.156450452,0.045332354,0.156306173,1.378359752,0.128633908,0.154521293,0.311759571,0.013356449,,
21-10-2021,1.163737926,0.74940048,0.594990183,0.176606679,0.810438447,1.088613107,0.156279302,0.045430385,0.156399068,1.38064338,0.128604131,0.154887474,0.311322811,0.013353684,,
20-10-2021,1.162250116,0.748502994,0.594282998,0.179285369,0.810044552,1.082368222,0.156428426,0.045546467,0.156215828,1.375515818,0.128609093,0.154784385,0.311129087,0.013358447,,
19-10-2021,1.165501166,0.747049156,0.595912043,0.179843177,0.809978941,1.087665869,0.156519017,0.045696947,0.156641604,1.382934587,0.128592554,0.155228885,0.311419763,0.013319996,,
18-10-2021,1.160362033,0.738770686,0.593295758,0.182305435,0.806711843,1.083306251,0.15551374,0.045589864,0.155967309,1.374192662,0.128551228,0.154545174,0.310250683,0.013275629,,
17-10-2021,1.160227405,0.741839763,0.593225366,0.182322054,0.808930594,1.081314879,0.155390496,0.045671694,0.155935692,1.375137514,0.128542965,0.15447594,0.310135219,0.013340697,,
16-10-2021,1.160227405,0.741839763,0.593225366,0.182322054,0.808930594,1.081314879,0.155390496,0.045671694,0.155935692,1.375137514,0.128542965,0.15447594,0.310135219,0.013340697,,
15-10-2021,1.160227405,0.741839763,0.593225366,0.182322054,0.808930594,1.081314879,0.155390496,0.045671694,0.155935692,1.375137514,0.128542965,0.15447594,0.310135219,0.013340697,,
14-10-2021,1.160227405,0.741619697,0.593225366,0.182628388,0.807884957,1.08577633,0.155349459,0.045700497,0.155928398,1.371177842,0.128562796,0.154432999,0.310443313,0.013284411,,
13-10-2021,1.156203029,0.735402265,0.591156302,0.181182396,0.803729304,1.078399655,0.155231295,0.04557532,0.155388082,1.361841209,0.128534704,0.153791735,0.309080794,0.01327295,,
12-10-2021,1.155535013,0.73784402,0.590807042,0.180613001,0.802697062,1.077005924,0.155055587,0.04553506,0.15529156,1.363326517,0.128509927,0.153749174,0.30999101,0.013240211,,
11-10-2021,1.157407407,0.734807848,0.59178601,0.181639845,0.802053256,1.079447323,0.155055587,0.045568674,0.155540347,1.363512408,0.128529748,0.154002526,0.309808538,0.013252563,,
10-10-2021,1.156871819,0.730513551,0.591505974,0.181795044,0.797893561,1.077818495,0.155098876,0.045486386,0.15547022,1.362769147,0.128450502,0.153867459,0.309549605,0.013336107,,
09-10-2021,1.156871819,0.730513551,0.591505974,0.181795044,0.797893561,1.077818495,0.155098876,0.045486386,0.15547022,1.362769147,0.128450502,0.153867459,0.309549605,0.013336107,,
08-10-2021,1.156871819,0.730513551,0.591505974,0.181795044,0.797893561,1.077818495,0.155098876,0.045486386,0.15547022,1.362769147,0.128450502,0.153867459,0.309549605,0.013336107,,
07-10-2021,1.156203029,0.729980291,0.591156302,0.182421832,0.79491256,1.079330815,0.155120529,0.045492801,0.155404985,1.359804188,0.128455452,0.153853255,0.309530442,0.013380701,,
06-10-2021,1.154201293,0.725320955,0.590144585,0.181524442,0.791891036,1.077237962,0.155120529,0.045414086,0.155139781,1.358326542,0.128420809,0.153730265,0.308185404,0.013352918,,
05-10-2021,1.160227405,0.728013978,0.593225366,0.183850566,0.794028903,1.079097874,0.15509647,0.045843171,0.155984339,1.362212233,0.128448852,0.154590567,0.309578354,0.013414572,,
04-10-2021,1.163602513,0.729235032,0.594954783,0.185939272,0.793273045,1.080613789,0.155120529,0.045955671,0.1564529,1.360544218,0.128437303,0.15529156,0.310655483,0.013467197,,
03-10-2021,1.159958242,0.725689405,0.59311981,0.184665386,0.789203693,1.074922068,0.155120529,0.045833505,0.155972175,1.354279523,0.128455452,0.154707757,0.310549362,0.013492291,,
02-10-2021,1.159958242,0.725689405,0.59311981,0.184665386,0.789203693,1.074922068,0.155120529,0.045833505,0.155972175,1.354279523,0.128455452,0.154707757,0.310549362,0.013492291,,
01-10-2021,1.159958242,0.725689405,0.59311981,0.184665386,0.789203693,1.074922068,0.155120529,0.045833505,0.155972175,1.354279523,0.128455452,0.154707757,0.310549362,0.013492291,,
30-09-2021,1.157943492,0.71942446,0.592031259,0.184877057,0.784990973,1.069175666,0.15470297,0.045416767,0.155714731,1.345532831,0.128392779,0.154614469,0.309904549,0.01345198,,
29-09-2021,1.165365342,0.723327306,0.595876534,0.18434539,0.787835815,1.076194576,0.154671864,0.045779161,0.156725073,1.348254011,0.128470304,0.155438804,0.311400367,0.013477979,,
28-09-2021,1.167815018,0.724690195,0.597086219,0.18500703,0.790326405,1.077354019,0.154813141,0.045765543,0.157047507,1.358695652,0.128496717,0.155680792,0.311371279,0.013491289,,
27-09-2021,1.169864296,0.725268349,0.598121897,0.188111362,0.78976465,1.078167116,0.154717331,0.045977223,0.157316805,1.369487812,0.128473605,0.155916242,0.312558605,0.013538963,,
26-09-2021,1.171920778,0.724952878,0.599197076,0.188008799,0.786782061,1.082133968,0.154597737,0.046123334,0.157594478,1.367427868,0.128442252,0.156347717,0.312509766,0.013552523,,
25-09-2021,1.171920778,0.724952878,0.599197076,0.188008799,0.786782061,1.082133968,0.154597737,0.046123334,0.157594478,1.367427868,0.128442252,0.156347717,0.312509766,0.013552523,,
24-09-2021,1.171920778,0.724952878,0.599197076,0.188008799,0.786782061,1.082133968,0.154597737,0.046123334,0.157594478,1.367427868,0.128442252,0.156347717,0.312509766,0.013552523,,
23-09-2021,1.171508903,0.727166958,0.598981731,0.18959862,0.788892395,1.081665765,0.154873082,0.04620944,0.157539858,1.370238421,0.128447202,0.156313502,0.312470706,0.013564214,,
22-09-2021,1.172882946,0.725005438,0.59970015,0.190294957,0.782105428,1.08401084,0.154633596,0.046213497,0.157731194,1.363884343,0.128420809,0.156521467,0.31201248,0.013540448,,
21-09-2021,1.173846696,0.724585175,0.600168047,0.187860457,0.782778865,1.082368222,0.154559505,0.046212643,0.157853197,1.367240908,0.128440603,0.156558224,0.311652694,0.013571596,,
20-09-2021,1.171097318,0.72285673,0.598766541,0.187392249,0.77784692,1.076078769,0.154650336,0.04604836,0.157492716,1.366493577,0.128427406,0.156033017,0.311177496,0.013574507,,
19-09-2021,1.177995052,0.731154493,0.602300789,0.189879427,0.789889415,1.077702339,0.154911468,0.046568593,0.158418351,1.380071764,0.128475256,0.156875049,0.312031952,0.013613221,,
18-09-2021,1.177995052,0.731154493,0.602300789,0.189879427,0.789889415,1.077702339,0.154911468,0.046568593,0.158418351,1.380071764,0.128475256,0.156875049,0.312031952,0.013613221,,
17-09-2021,1.177995052,0.731154493,0.602300789,0.189879427,0.789889415,1.077702339,0.154911468,0.046568593,0.158418351,1.380071764,0.128475256,0.156875049,0.312031952,0.013613221,,
16-09-2021,1.176332196,0.731689471,0.601431407,0.190923497,0.791452315,1.080613789,0.155084443,0.046528941,0.158190303,1.383508578,0.128452152,0.156754554,0.311672121,0.013603092,,
15-09-2021,1.182452406,0.732010834,0.60455837,0.190774162,0.788084167,1.090274749,0.155438804,0.046701911,0.159007791,1.382743363,0.128491764,0.157995355,0.312139089,0.013612313,,
14-09-2021,1.181334908,0.73313783,0.604047116,0.191200933,0.790201501,1.085187195,0.155103687,0.046531972,0.158873902,1.385617293,0.128554533,0.158025316,0.311158131,0.013573531,,
13-09-2021,1.177995052,0.735564546,0.602300789,0.191347276,0.788954635,1.083423619,0.154880278,0.046473152,0.158413332,1.383891503,0.128544618,0.157539858,0.311681835,0.013564546,,
12-09-2021,1.184132623,0.740685875,0.605436823,0.192737646,0.793713787,1.090988436,0.155337393,0.04682459,0.159235669,1.388888889,0.12858594,0.158172788,0.312666104,0.013618653,,
11-09-2021,1.184132623,0.740685875,0.605436823,0.192737646,0.793713787,1.090988436,0.155337393,0.04682459,0.159235669,1.388888889,0.12858594,0.158172788,0.312666104,0.013618653,,
10-09-2021,1.184132623,0.740685875,0.605436823,0.192737646,0.793713787,1.090988436,0.155337393,0.04682459,0.159235669,1.388888889,0.12858594,0.158172788,0.312666104,0.013618653,,
09-09-2021,1.183852255,0.738279808,0.605290237,0.188893087,0.789079145,1.089918256,0.154942671,0.046610051,0.15919511,1.383700014,0.128572714,0.15813777,0.312129346,0.013595879,,
08-09-2021,1.182732111,0.737952919,0.604704602,0.191629618,0.78939059,1.086248099,0.154851497,0.046574015,0.159050785,1.377220768,0.128594208,0.158135269,0.311759571,0.013592608,,
07-09-2021,1.185958254,0.739207569,0.606391365,0.193401153,0.794028903,1.092776746,0.154688612,0.046650712,0.159489633,1.377220768,0.128637217,0.158576616,0.31195408,0.013610979,,
06-09-2021,1.186380354,0.743715603,0.606612072,0.192477961,0.797130331,1.091583888,0.15486109,0.046706928,0.15954816,1.38427464,0.128640527,0.158461027,0.312421895,0.013681837,,
05-09-2021,1.187225454,0.743826242,0.607017118,0.193738376,0.797893561,1.092896175,0.155077228,0.04669973,0.159652596,1.383125864,0.128645492,0.15835062,0.31223655,0.013692478,,
04-09-2021,1.187225454,0.743826242,0.607017118,0.193738376,0.797893561,1.092896175,0.155077228,0.04669973,0.159652596,1.383125864,0.128645492,0.15835062,0.31223655,0.013692478,,
03-09-2021,1.187225454,0.743826242,0.607017118,0.193738376,0.797893561,1.092896175,0.155077228,0.04669973,0.159652596,1.383125864,0.128645492,0.15835062,0.31223655,0.013692478,,
02-09-2021,1.184553423,0.738606987,0.605693519,0.192841716,0.792707095,1.091941472,0.154844304,0.04667096,0.159306697,1.378739832,0.128655422,0.157925491,0.311497368,0.013691559,,
01-09-2021,1.181753723,0.734537976,0.6041931,0.19408431,0.794218092,1.089680724,0.154631205,0.04651271,0.158914298,1.376273053,0.128576021,0.157771011,0.31223655,0.01368532,,
31-08-2021,1.183431953,0.732493408,0.605070491,0.192778517,0.794470485,1.095890411,0.154762826,0.04636606,0.159144439,1.377979881,0.128509927,0.157997851,0.311827622,0.013699137,,
30-08-2021,1.180080245,0.729927007,0.603391058,0.191795009,0.79377679,1.092896175,0.154571451,0.046158888,0.15869993,1.376273053,0.128424108,0.157482795,0.310568651,0.01364223,,
29-08-2021,1.17605551,0.725110579,0.60132291,0.190639596,0.788581342,1.089443294,0.154354336,0.046007895,0.158157778,1.372306848,0.128368057,0.15705244,0.309444238,0.013565006,,
28-08-2021,1.17605551,0.725110579,0.60132291,0.190639596,0.788581342,1.089443294,0.154354336,0.046007895,0.158157778,1.372306848,0.128368057,0.15705244,0.309444238,0.013565006,,
27-08-2021,1.17605551,0.725110579,0.60132291,0.190639596,0.788581342,1.089443294,0.154354336,0.046007895,0.158157778,1.372306848,0.128368057,0.15705244,0.309444238,0.013565006,,
26-08-2021,1.17674747,0.72611095,0.601648517,0.191314329,0.793021412,1.090631476,0.154249576,0.046061935,0.158230352,1.372683596,0.128425757,0.157133878,0.310212185,0.013489015,,
25-08-2021,1.173571177,0.724847782,0.600060006,0.19019,0.79151496,1.092896175,0.154359101,0.045967712,0.157813338,1.371177842,0.128463703,0.156636697,0.309453814,0.013466127,,
24-08-2021,1.173984503,0.724532676,0.600276127,0.187297485,0.792079208,1.096010522,0.154387698,0.04597976,0.15785818,1.371930306,0.128379593,0.15666369,0.310674786,0.013484558,,
23-08-2021,1.171783454,0.718390805,0.599125277,0.186514968,0.785854617,1.090631476,0.154204382,0.045927811,0.15756468,1.368363437,0.128328521,0.156328164,0.309530442,0.01348214,,
22-08-2021,1.16713352,0.712809181,0.59672992,0.183442482,0.774533344,1.089680724,0.153860356,0.045662934,0.156936598,1.361099769,0.128359818,0.155634756,0.308147418,0.013445469,,
21-08-2021,1.16713352,0.712809181,0.59672992,0.183442482,0.774533344,1.089680724,0.153860356,0.045662934,0.156936598,1.361099769,0.128359818,0.155634756,0.308147418,0.013445469,,
20-08-2021,1.16713352,0.712809181,0.59672992,0.183442482,0.774533344,1.089680724,0.153860356,0.045662934,0.156936598,1.361099769,0.128359818,0.155634756,0.308147418,0.013445469,,
19-08-2021,1.169590643,0.716691751,0.598014592,0.183718837,0.78394481,1.090750436,0.154095077,0.045864827,0.157269796,1.36761488,0.128356523,0.155889506,0.307597662,0.013444059,,
18-08-2021,1.172332943,0.725005438,0.599412576,0.18934732,0.792455821,1.092896175,0.154299557,0.046068301,0.157634226,1.376273053,0.128402671,0.15640396,0.309310238,0.013467433,,
17-08-2021,1.17674747,0.729128691,0.601648517,0.18959143,0.793021412,1.098418278,0.154332896,0.046252185,0.158232855,1.379120121,0.128315348,0.157082044,0.309731772,0.013457374,,
16-08-2021,1.177163037,0.733030347,0.60190201,0.189433405,0.796368559,1.094211621,0.154402001,0.046297154,0.158295474,1.386962552,0.128457102,0.157072175,0.310848617,0.013473802,,
15-08-2021,1.176470588,0.735023888,0.601539942,0.190956309,0.799041151,1.086484137,0.154320988,0.046344357,0.158195308,1.382552191,0.128476906,0.156902124,0.310935605,0.013465112,,
14-08-2021,1.176470588,0.735023888,0.601539942,0.190956309,0.799041151,1.086484137,0.154320988,0.046344357,0.158195308,1.382552191,0.128476906,0.156902124,0.310935605,0.013465112,,
13-08-2021,1.176470588,0.735023888,0.601539942,0.190956309,0.799041151,1.086484137,0.154320988,0.046344357,0.158195308,1.382552191,0.128476906,0.156902124,0.310935605,0.013465112,,
12-08-2021,1.173846696,0.735402265,0.600204069,0.191614931,0.798913478,1.084481076,0.154387698,0.046229307,0.15784323,1.385233412,0.128524792,0.15654597,0.310414403,0.013476145,,
11-08-2021,1.171783454,0.734322221,0.599125277,0.191743524,0.798403194,1.083188908,0.154192494,0.046124823,0.157557233,1.383508578,0.128504973,0.156333052,0.310867943,0.013444167,,
10-08-2021,1.172195522,0.734214391,0.599340725,0.19069049,0.79586152,1.08401084,0.154287654,0.046182337,0.157611865,1.386193513,0.128491764,0.15632572,0.309904549,0.013443733,,
09-08-2021,1.17605551,0.734969866,0.60132291,0.190508849,0.797511763,1.090393632,0.154363867,0.046319456,0.158142771,1.387732445,0.128506625,0.156823386,0.310723053,0.01346892,,
08-08-2021,1.180637544,0.739426205,0.603682463,0.191692066,0.799744082,1.100957833,0.154583398,0.046460413,0.158757878,1.391594768,0.128579327,0.157472875,0.310983953,0.01349382,,
07-08-2021,1.180637544,0.739426205,0.603682463,0.191692066,0.799744082,1.100957833,0.154583398,0.046460413,0.158757878,1.391594768,0.128579327,0.157472875,0.310983953,0.01349382,,
06-08-2021,1.180637544,0.739426205,0.603682463,0.191692066,0.799744082,1.100957833,0.154583398,0.046460413,0.158757878,1.391594768,0.128579327,0.157472875,0.310983953,0.01349382,,
05-08-2021,1.184974523,0.741070105,0.605877007,0.194057946,0.799744082,1.104118361,0.154791573,0.046625916,0.159347313,1.393145723,0.12858098,0.157982875,0.311555597,0.013492655,,
04-08-2021,1.186098921,0.741234897,0.606464916,0.192518722,0.797130331,1.105460977,0.154767616,0.046623524,0.159492177,1.392951665,0.128594208,0.158127767,0.31184707,0.013484922,,
03-08-2021,1.188495365,0.738825268,0.607681089,0.192340982,0.799041151,1.107174491,0.154717331,0.046626133,0.159795462,1.392369813,0.12858594,0.158456005,0.311032316,0.013472386,,
02-08-2021,1.188636634,0.736377025,0.607718019,0.193397412,0.80224629,1.104484206,0.154750851,0.046655718,0.159798015,1.389081817,0.128638872,0.158559016,0.310173697,0.013446318,,
01-08-2021,1.189060642,0.737082627,0.607976654,0.195848022,0.803923145,1.103996467,0.154753246,0.046629612,0.159869546,1.396648045,0.128619018,0.158541419,0.309635868,0.013452251,,
31-07-2021,1.189060642,0.737082627,0.607976654,0.195848022,0.803923145,1.103996467,0.154753246,0.046629612,0.159869546,1.396648045,0.128619018,0.158541419,0.309635868,0.013452251,,
30-07-2021,1.189060642,0.737082627,0.607976654,0.195848022,0.803923145,1.103996467,0.154753246,0.046629612,0.159869546,1.396648045,0.128619018,0.158541419,0.309635868,0.013452251,,
29-07-2021,1.187366421,0.739207569,0.607053967,0.196509983,0.801796023,1.100594321,0.154815537,0.046549734,0.159634756,1.395478649,0.128673632,0.158127767,0.3082234,0.013466417,,
28-07-2021,1.180637544,0.734214391,0.603682463,0.193775918,0.795608243,1.09301563,0.153893506,0.046076155,0.158752838,1.387539892,0.128504973,0.157287112,0.306739057,0.013442559,,
27-07-2021,1.181055864,0.736811082,0.603828271,0.192696792,0.79586152,1.092896175,0.153777545,0.045980183,0.158798215,1.38121547,0.128488462,0.157331655,0.307465256,0.013433728,,
26-07-2021,1.178689298,0.736214386,0.602663774,0.191515848,0.796178344,1.088731628,0.154228165,0.045990967,0.15848614,1.379120121,0.128600823,0.156648965,0.306259953,0.013435461,,
25-07-2021,1.17674747,0.73800738,0.601648517,0.19287147,0.795734861,1.085658452,0.154373398,0.045875348,0.158197811,1.375515818,0.128713381,0.156157282,0.305558102,0.013434107,,
24-07-2021,1.17674747,0.73800738,0.601648517,0.19287147,0.795734861,1.085658452,0.154373398,0.045875348,0.158197811,1.375515818,0.128713381,0.156157282,0.305558102,0.013434107,,
23-07-2021,1.17674747,0.73800738,0.601648517,0.19287147,0.795734861,1.085658452,0.154373398,0.045875348,0.158197811,1.375515818,0.128713381,0.156157282,0.305558102,0.013434107,,
22-07-2021,1.177440245,0.73784402,0.60204696,0.192942175,0.796749263,1.08731108,0.154624032,0.045926123,0.158305498,1.376273053,0.128680255,0.156333052,0.305651496,0.013432357,,
21-07-2021,1.177163037,0.731689471,0.60190201,0.190694127,0.788394828,1.085187195,0.154485486,0.045814397,0.158257897,1.363140676,0.128630599,0.156384393,0.30375748,0.013409355,,
20-07-2021,1.177440245,0.732171621,0.60204696,0.191051164,0.783821916,1.086484137,0.154313843,0.045920851,0.158305498,1.360544218,0.128647147,0.156560675,0.303398058,0.013392708,,
19-07-2021,1.176609013,0.733406674,0.601612321,0.193479733,0.782962731,1.085422772,0.154118826,0.04595187,0.158195308,1.369487812,0.128703442,0.156744726,0.303398058,0.013336196,,
18-07-2021,1.180219521,0.741949844,0.603427468,0.196220788,0.794407372,1.087429317,0.154530844,0.046213497,0.158669713,1.383700014,0.128724979,0.157428252,0.30421027,0.013406641,,
17-07-2021,1.180219521,0.741949844,0.603427468,0.196220788,0.794407372,1.087429317,0.154530844,0.046213497,0.158669713,1.383700014,0.128724979,0.157428252,0.30421027,0.013406641,,
16-07-2021,1.180219521,0.741949844,0.603427468,0.196220788,0.794407372,1.087429317,0.154530844,0.046213497,0.158669713,1.383700014,0.128724979,0.157428252,0.30421027,0.013406641,,
15-07-2021,1.180916391,0.743826242,0.603791813,0.196571788,0.797448166,1.090631476,0.154762826,0.046152284,0.158775523,1.386193513,0.128741551,0.157626771,0.306306858,0.013411549,,
14-07-2021,1.18119537,0.746770219,0.603937674,0.194946974,0.801796023,1.089680724,0.15487548,0.046057904,0.158815869,1.387154945,0.128753154,0.157644166,0.305436775,0.013424477,,
13-07-2021,1.184413123,0.747719456,0.60558348,0.193162063,0.801217851,1.090869423,0.154626423,0.046186176,0.159235669,1.385041551,0.128781342,0.15808777,0.304915234,0.013415202,,
12-07-2021,1.185255423,0.745990302,0.605987153,0.189857797,0.80012802,1.092179991,0.154421075,0.046075518,0.159354931,1.385041551,0.128753154,0.158135269,0.304525245,0.01340558,,
11-07-2021,1.185817621,0.747272456,0.606281072,0.190124912,0.800320128,1.092657343,0.154332896,0.045977223,0.159451487,1.382743363,0.128728293,0.158255393,0.304645849,0.013418424,,
10-07-2021,1.185817621,0.747272456,0.606281072,0.190124912,0.800320128,1.092657343,0.154332896,0.045977223,0.159451487,1.382743363,0.128728293,0.158255393,0.304645849,0.013418424,,
09-07-2021,1.185817621,0.747272456,0.606281072,0.190124912,0.800320128,1.092657343,0.154332896,0.045977223,0.159451487,1.382743363,0.128728293,0.158255393,0.304645849,0.013418424,,
08-07-2021,1.183852255,0.741894799,0.605290237,0.189519568,0.794849376,1.090988436,0.154076083,0.045717212,0.159184973,1.374381528,0.128720008,0.158022818,0.304924531,0.013360071,,
07-07-2021,1.183151917,0.753012048,0.604924082,0.193240449,0.804375804,1.083775875,0.154698184,0.046056419,0.159101395,1.383700014,0.128738237,0.158027813,0.306109955,0.013401305,,
06-07-2021,1.183852255,0.757231561,0.605290237,0.196344073,0.808603542,1.083071591,0.154655119,0.046224178,0.15919511,1.385425326,0.128754812,0.158145272,0.306344392,0.013419847,,
05-07-2021,1.18666192,0.75289866,0.606722485,0.197538668,0.808930594,1.085187195,0.154753246,0.046377027,0.159576166,1.385233412,0.128723322,0.158456005,0.30651341,0.013459548,,
04-07-2021,1.182312603,0.746602957,0.604521823,0.198969339,0.80554213,1.080263584,0.154359101,0.046172741,0.158997679,1.374759417,0.128738237,0.157878118,0.305436775,0.013388745,,
03-07-2021,1.182312603,0.746602957,0.604521823,0.198969339,0.80554213,1.080263584,0.154359101,0.046172741,0.158997679,1.374759417,0.128738237,0.157878118,0.305436775,0.013388745,,
02-07-2021,1.182312603,0.746602957,0.604521823,0.198969339,0.80554213,1.080263584,0.154359101,0.046172741,0.158997679,1.374759417,0.128738237,0.157878118,0.305436775,0.013388745,,
01-07-2021,1.18835413,0.750469043,0.607644164,0.201576327,0.808538163,1.081782778,0.154655119,0.046591158,0.159815892,1.381406272,0.128791294,0.158679784,0.306701426,0.013419306,,
30-06-2021,1.18835413,0.749625187,0.607644164,0.201251786,0.807232806,1.082368222,0.154856293,0.046625916,0.159813338,1.385041551,0.128763102,0.158636991,0.306579189,0.013455002,,
29-06-2021,1.188777936,0.751879699,0.607828835,0.202085523,0.808407437,1.084128361,0.154762826,0.046661596,0.159864435,1.383125864,0.128801247,0.158591706,0.306710833,0.013462429,,
28-06-2021,1.191043354,0.756029334,0.608976311,0.201320664,0.810898476,1.08577633,0.154832317,0.046707801,0.160148618,1.389660923,0.12881452,0.158876426,0.30669202,0.013458534,,
27-06-2021,1.195028681,0.759878419,0.61098552,0.203802963,0.813140348,1.090750436,0.154916268,0.046886722,0.160699364,1.390433815,0.128839415,0.15938541,0.307900733,0.013475055,,
26-06-2021,1.195028681,0.759878419,0.61098552,0.203802963,0.813140348,1.090750436,0.154916268,0.046886722,0.160699364,1.390433815,0.128839415,0.15938541,0.307900733,0.013475055,,
25-06-2021,1.195028681,0.759878419,0.61098552,0.203802963,0.813140348,1.090750436,0.154916268,0.046886722,0.160699364,1.390433815,0.128839415,0.15938541,0.307900733,0.013475055,,
24-06-2021,1.193602292,0.757575758,0.610277066,0.202163146,0.813206473,1.088376143,0.154626423,0.046949679,0.160511067,1.389854065,0.128794611,0.15916217,0.307701775,0.013486704,,
23-06-2021,1.195028681,0.758207597,0.611060189,0.201865235,0.814796708,1.090155892,0.154418691,0.047036467,0.16071486,1.398797035,0.12877305,0.159327003,0.307200786,0.013481468,,
22-06-2021,1.189343482,0.751936236,0.608124544,0.199290526,0.807689201,1.086956522,0.154440154,0.046582911,0.159951375,1.390047262,0.128771392,0.158619377,0.306597989,0.013458787,,
21-06-2021,1.189060642,0.751597144,0.607976654,0.197550375,0.805736846,1.085540599,0.154597737,0.046505571,0.159902779,1.387925052,0.128792952,0.158556502,0.306081846,0.013483994,,
20-06-2021,1.189767995,0.751540658,0.608346514,0.199716403,0.808211428,1.087429317,0.155286737,0.046624177,0.15999744,1.386962552,0.12879627,0.158672231,0.305857165,0.013515888,,
19-06-2021,1.189767995,0.751540658,0.608346514,0.199716403,0.808211428,1.087429317,0.155286737,0.046624177,0.15999744,1.386962552,0.12879627,0.158672231,0.305857165,0.013515888,,
18-06-2021,1.189767995,0.751540658,0.608346514,0.199716403,0.808211428,1.087429317,0.155286737,0.046624177,0.15999744,1.386962552,0.12879627,0.158672231,0.305857165,0.013515888,,
17-06-2021,1.193744777,0.757288906,0.610351563,0.198008039,0.811030008,1.092657343,0.155274681,0.046793477,0.160511067,1.395673412,0.128778025,0.159266102,0.306635594,0.013491035,,
16-06-2021,1.212415131,0.771307366,0.619885941,0.198550581,0.821220333,1.112718371,0.156274418,0.047597289,0.163031074,1.412628902,0.128832775,0.161697174,0.308746797,0.013640946,,
15-06-2021,1.210800339,0.769171602,0.619080047,0.197219209,0.820411847,1.110987668,0.15622803,0.04757555,0.16282402,1.405481377,0.128821158,0.161691945,0.30829942,0.013634659,,
14-06-2021,1.21124031,0.77166448,0.619271736,0.195840351,0.821895291,1.112347052,0.156281745,0.047643777,0.162882366,1.410039481,0.128839415,0.16173117,0.30816641,0.013654785,,
13-06-2021,1.212562144,0.772916989,0.619962802,0.196896905,0.825559316,1.114081996,0.156413746,0.047858797,0.163054998,1.414627246,0.12886764,0.161848963,0.307891253,0.013674073,,
12-06-2021,1.212562144,0.772916989,0.619962802,0.196896905,0.825559316,1.114081996,0.156413746,0.047858797,0.163054998,1.414627246,0.12886764,0.161848963,0.307891253,0.013674073,,
11-06-2021,1.212562144,0.772916989,0.619962802,0.196896905,0.825559316,1.114081996,0.156413746,0.047858797,0.163054998,1.414627246,0.12886764,0.161848963,0.307891253,0.013674073,,
10-06-2021,1.21743365,0.773874013,0.622471211,0.198168919,0.825968448,1.115946881,0.156421086,0.047946224,0.163708991,1.410835214,0.128870962,0.162353476,0.308470603,0.013682773,,
09-06-2021,1.219512195,0.775193798,0.623519142,0.1987953,0.827951648,1.11744329,0.156590094,0.048055437,0.163985504,1.41723356,0.128890894,0.162546122,0.308308926,0.013708414,,
08-06-2021,1.218175174,0.775013563,0.622858922,0.19872814,0.828363154,1.116196004,0.156303729,0.047971984,0.163816264,1.414827391,0.128874283,0.162480096,0.30835646,0.013721863,,
07-06-2021,1.216249088,0.775735009,0.621851875,0.198113955,0.828431779,1.112347052,0.156333052,0.047881942,0.163534972,1.417032733,0.128895878,0.162148139,0.307730182,0.013737641,,
06-06-2021,1.211680601,0.766694779,0.619540301,0.195832681,0.825423029,1.106439478,0.156011108,0.047609072,0.16293279,1.414027149,0.128904186,0.161485668,0.307068722,0.013697692,,
05-06-2021,1.211680601,0.766694779,0.619540301,0.195832681,0.825423029,1.106439478,0.156011108,0.047609072,0.16293279,1.414027149,0.128904186,0.161485668,0.307068722,0.013697692,,
04-06-2021,1.211680601,0.766694779,0.619540301,0.195832681,0.825423029,1.106439478,0.156011108,0.047609072,0.16293279,1.414027149,0.128904186,0.161485668,0.307068722,0.013697692,,
03-06-2021,1.218769043,0.771724031,0.623130608,0.196900782,0.828500414,1.111852346,0.156423532,0.047889739,0.163880695,1.417836382,0.128894217,0.162464258,0.307768066,0.013712436,,
02-06-2021,1.218620522,0.773395205,0.62305296,0.193764653,0.828706389,1.109631602,0.15660726,0.047853988,0.163867268,1.414827391,0.128877605,0.162387749,0.30734241,0.013679385,,
01-06-2021,1.222493888,0.774053719,0.625078135,0.192230061,0.831186103,1.112718371,0.156644058,0.048012752,0.164389867,1.416831964,0.128884249,0.162816067,0.308489635,0.013718155,,
31-05-2021,1.220107369,0.773455024,0.623830318,0.191032915,0.828500414,1.110987668,0.156983407,0.047933583,0.164068909,1.418439716,0.128852696,0.162546122,0.308043003,0.013779989,,
30-05-2021,1.214181642,0.768698593,0.620809536,0.190182766,0.825354903,1.107787748,0.156828304,0.04770742,0.163273303,1.415828968,0.128832775,0.161506533,0.307531445,0.013784263,,
29-05-2021,1.214181642,0.768698593,0.620809536,0.190182766,0.825354903,1.107787748,0.156828304,0.04770742,0.163273303,1.415828968,0.128832775,0.161506533,0.307531445,0.013784263,,
28-05-2021,1.214181642,0.768698593,0.620809536,0.190182766,0.825354903,1.107787748,0.156828304,0.04770742,0.163273303,1.415828968,0.128832775,0.161506533,0.307531445,0.013784263,,
27-05-2021,1.21980971,0.774353415,0.623674691,0.188579618,0.827198279,1.112223334,0.156769298,0.047949902,0.164033922,1.41723356,0.128834435,0.162271805,0.307881773,0.013773251,,
26-05-2021,1.222942399,0.777302759,0.625273557,0.188121978,0.827198279,1.115946881,0.156482278,0.048049202,0.164457455,1.416631251,0.128832775,0.162781612,0.307701775,0.01374493,,
25-05-2021,1.226391955,0.776940409,0.627077193,0.188764724,0.830978893,1.11719361,0.156110964,0.048194397,0.16492669,1.416631251,0.128827796,0.163259975,0.308661028,0.013743324,,
24-05-2021,1.221150324,0.77273781,0.624414611,0.187017262,0.828981182,1.114578689,0.15559359,0.048033277,0.164219792,1.413227812,0.12877305,0.16273393,0.306899092,0.013713377,,
23-05-2021,1.218769043,0.776397516,0.62316944,0.188586731,0.830220008,1.112966055,0.155472637,0.047886299,0.163902183,1.419446416,0.128784659,0.162284972,0.307323519,0.013724914,,
22-05-2021,1.218769043,0.776397516,0.62316944,0.188586731,0.830220008,1.112966055,0.155472637,0.047886299,0.163902183,1.419446416,0.128784659,0.162284972,0.307323519,0.013724914,,
21-05-2021,1.218769043,0.776397516,0.62316944,0.188586731,0.830220008,1.112966055,0.155472637,0.047886299,0.163902183,1.419446416,0.128784659,0.162284972,0.307323519,0.013724914,,
20-05-2021,1.220256254,0.775494378,0.623947089,0.188996617,0.825763832,1.110247585,0.155327742,0.047819205,0.164098525,1.412429379,0.128824477,0.162501219,0.306231817,0.013686163,,
19-05-2021,1.221150324,0.774653343,0.624414611,0.189275642,0.828088771,1.1093854,0.155380838,0.047993626,0.164227883,1.416229996,0.128792952,0.162609558,0.306541598,0.01367082,,
18-05-2021,1.222195062,0.780883961,0.624921885,0.190715948,0.831808351,1.114827202,0.155692911,0.048066986,0.164354743,1.421262081,0.128771392,0.162517064,0.30549276,0.013697035,,
